Date,Open,High,Low,Close
2018-03-27,1063.0,1064.84,996.92,1005.1
2018-03-26,1046.0,1055.63,1008.4,1053.21
2018-03-23,1047.03,1063.36,1021.22,1021.57
2018-03-22,1081.88,1082.9,1045.91,1049.08
2018-03-21,1092.74,1106.3,1085.15,1090.88
2018-03-20,1099.0,1105.2,1083.46,1097.71
2018-03-19,1120.01,1121.99,1089.01,1099.82
2018-03-16,1154.14,1155.88,1131.96,1135.73
2018-03-15,1149.96,1161.08,1134.54,1149.58
2018-03-14,1145.21,1158.59,1141.44,1149.49
2018-03-13,1170.0,1176.76,1133.33,1138.17
2018-03-12,1163.85,1177.05,1157.42,1164.5
2018-03-09,1136.0,1160.8,1132.46,1160.04
2018-03-08,1115.32,1127.6,1112.8,1126.0
2018-03-07,1089.19,1112.22,1085.48,1109.64
2018-03-06,1099.22,1101.85,1089.78,1095.06
2018-03-05,1075.14,1097.1,1069.0,1090.93
2018-03-02,1053.08,1082.0,1048.12,1078.92
2018-03-01,1107.87,1110.12,1067.0,1069.52
2018-02-28,1123.03,1127.53,1103.24,1104.73
2018-02-27,1141.24,1144.04,1118.0,1118.29
2018-02-26,1127.8,1143.96,1126.69,1143.75
2018-02-23,1112.64,1127.28,1104.71,1126.79
2018-02-22,1116.19,1122.82,1102.59,1106.63
2018-02-21,1106.47,1133.97,1106.33,1111.34
2018-02-20,1090.57,1113.95,1088.52,1102.46
2018-02-16,1088.41,1104.67,1088.31,1094.8
2018-02-15,1079.07,1091.48,1064.34,1089.52
2018-02-14,1048.95,1071.72,1046.75,1069.7
2018-02-13,1045.0,1058.37,1044.09,1052.1
2018-02-12,1048.0,1061.5,1040.93,1051.94
2018-02-09,1017.25,1043.97,992.56,1035.88
2018-02-08,1055.41,1058.62,1001.0,1001.0
2018-02-07,1081.54,1081.78,1048.26,1048.58
2018-02-06,1027.18,1081.71,1023.14,1080.6
2018-02-05,1090.6,1110.0,1052.03,1064.35
2018-02-02,1122.0,1123.07,1107.28,1111.9
2018-02-01,1162.61,1174.0,1157.52,1167.7
2018-01-31,1170.57,1173.0,1159.13,1169.94
2018-01-30,1167.83,1176.52,1163.52,1163.69
2018-01-29,1176.48,1186.89,1171.98,1175.58
2018-01-26,1175.08,1175.84,1158.11,1175.84
2018-01-25,1172.53,1175.94,1162.76,1170.37
2018-01-24,1177.33,1179.86,1161.05,1164.24
2018-01-23,1159.85,1171.63,1158.75,1169.97
2018-01-22,1137.49,1159.88,1135.11,1155.81
2018-01-19,1131.83,1137.86,1128.3,1137.51
2018-01-18,1131.41,1132.51,1117.5,1129.79
2018-01-17,1126.22,1132.6,1117.01,1131.98
2018-01-16,1132.51,1139.91,1117.83,1121.76
2018-01-12,1102.41,1124.29,1101.15,1122.26
2018-01-11,1106.3,1106.53,1099.59,1105.52
2018-01-10,1097.1,1104.6,1096.11,1102.61
2018-01-09,1109.4,1110.57,1101.23,1106.26
2018-01-08,1102.23,1111.27,1101.62,1106.94
2018-01-05,1094.0,1104.25,1092.0,1102.23
2018-01-04,1088.0,1093.57,1084.0,1086.4
2018-01-03,1064.31,1086.29,1063.21,1082.48
2018-01-02,1048.34,1066.94,1045.23,1065.0
2017-12-29,1046.72,1049.7,1044.9,1046.4
2017-12-28,1051.6,1054.75,1044.77,1048.14
2017-12-27,1057.39,1058.37,1048.05,1049.37
2017-12-26,1058.07,1060.12,1050.2,1056.74
2017-12-22,1061.11,1064.2,1059.44,1060.12
2017-12-21,1064.95,1069.33,1061.79,1063.63
2017-12-20,1071.78,1073.38,1061.52,1064.95
2017-12-19,1075.2,1076.84,1063.55,1070.68
2017-12-18,1066.08,1078.49,1062.0,1077.14
2017-12-15,1054.61,1067.62,1049.5,1064.19
2017-12-14,1045.0,1058.5,1043.11,1049.15
2017-12-13,1046.12,1046.66,1038.38,1040.61
2017-12-12,1039.63,1050.31,1033.69,1040.48
2017-12-11,1035.5,1043.8,1032.05,1041.1
2017-12-08,1037.49,1042.05,1032.52,1037.05
2017-12-07,1020.43,1034.24,1018.07,1030.93
2017-12-06,1001.5,1024.97,1001.14,1018.38
2017-12-05,995.94,1020.61,988.28,1005.15
2017-12-04,1012.66,1016.1,995.57,998.68
2017-12-01,1015.8,1022.49,1002.02,1010.17
2017-11-30,1022.37,1028.49,1015.0,1021.41
2017-11-29,1042.68,1044.08,1015.65,1021.66
2017-11-28,1055.09,1062.38,1040.0,1047.41
2017-11-27,1040.0,1055.46,1038.44,1054.21
2017-11-24,1035.87,1043.18,1035.0,1040.61
2017-11-22,1035.0,1039.71,1031.43,1035.96
2017-11-21,1023.31,1035.11,1022.66,1034.49
2017-11-20,1020.26,1022.61,1017.5,1018.38
2017-11-17,1034.01,1034.42,1017.75,1019.09
2017-11-16,1022.52,1035.92,1022.52,1032.5
2017-11-15,1019.21,1024.09,1015.42,1020.91
2017-11-14,1022.59,1026.81,1014.15,1026.0
2017-11-13,1023.42,1031.58,1022.57,1025.75
2017-11-10,1026.46,1030.76,1025.28,1028.07
2017-11-09,1033.99,1033.99,1019.67,1031.26
2017-11-07,1027.27,1033.97,1025.13,1033.33
2017-11-06,1028.99,1034.87,1025.0,1025.9
2017-11-03,1022.11,1032.65,1020.31,1032.48
2017-11-02,1021.76,1028.09,1013.01,1025.58
2017-11-01,1017.21,1029.67,1016.95,1025.5
2017-10-31,1015.22,1024.0,1010.42,1016.64
2017-10-30,1014.0,1024.97,1007.5,1017.11
2017-10-27,1009.19,1048.39,1008.2,1019.27
2017-10-26,980.0,987.6,972.2,972.56
2017-10-25,968.37,976.09,960.5201,973.33
2017-10-24,970.0,972.23,961.0,970.54
2017-10-23,989.52,989.52,966.12,968.45
2017-10-20,989.44,991.0,984.58,988.2
2017-10-19,986.0,988.88,978.39,984.45
2017-10-18,991.77,996.72,986.9747,992.81
2017-10-17,990.29,996.44,988.59,992.18
2017-10-16,992.1,993.9065,984.0,992.0
2017-10-13,992.0,997.21,989.0,989.68
2017-10-12,987.45,994.12,985.0,987.83
2017-10-11,973.72,990.71,972.25,989.25
2017-10-10,980.0,981.57,966.0801,972.6
2017-10-09,980.0,985.425,976.11,977.0
2017-10-06,966.7,979.46,963.36,978.89
2017-10-05,955.49,970.91,955.18,969.96
2017-10-04,957.0,960.39,950.69,951.68
2017-10-03,954.0,958.0,949.14,957.79
2017-10-02,959.98,962.54,947.84,953.27
2017-09-29,952.0,959.7864,951.51,959.11
2017-09-28,941.36,950.69,940.55,949.5
2017-09-27,927.74,949.9,927.74,944.49
2017-09-26,923.72,930.82,921.14,924.86
2017-09-25,925.45,926.4,909.7,920.97
2017-09-22,927.75,934.73,926.48,928.53
2017-09-21,933.0,936.53,923.83,932.45
2017-09-20,922.98,933.88,922.0,931.58
2017-09-19,917.42,922.4199,912.55,921.81
2017-09-18,920.01,922.08,910.6,915.0
2017-09-15,924.66,926.49,916.36,920.29
2017-09-14,931.25,932.77,924.0,925.11
2017-09-13,930.66,937.25,929.86,935.09
2017-09-12,932.59,933.48,923.8610000000001,932.07
2017-09-11,934.25,938.38,926.92,929.08
2017-09-08,936.49,936.99,924.88,926.5
2017-09-07,931.73,936.41,923.62,935.95
2017-09-06,930.15,930.915,919.27,927.81
2017-09-05,933.08,937.0,921.96,928.45
2017-09-01,941.13,942.48,935.15,937.34
2017-08-31,931.76,941.98,931.76,939.33
2017-08-30,920.05,930.819,919.65,929.57
2017-08-29,905.1,923.33,905.0,921.29
2017-08-28,916.0,919.245,911.87,913.81
2017-08-25,923.49,925.555,915.5,915.89
2017-08-24,928.66,930.84,915.5,921.28
2017-08-23,921.93,929.93,919.36,927.0
2017-08-22,912.72,925.86,911.4751,924.69
2017-08-21,910.0,913.0,903.4,906.66
2017-08-18,910.31,915.275,907.1543,910.67
2017-08-17,925.78,926.86,910.98,910.98
2017-08-16,925.29,932.7,923.445,926.96
2017-08-15,924.23,926.5499,919.82,922.22
2017-08-14,922.53,924.668,918.19,922.67
2017-08-11,907.97,917.78,905.58,914.39
2017-08-10,917.55,919.26,906.13,907.24
2017-08-09,920.61,925.98,917.2501,922.9
2017-08-08,927.09,935.814,925.6095,926.79
2017-08-07,929.06,931.7,926.5,929.36
2017-08-04,926.75,930.3068,923.03,927.96
2017-08-03,930.34,932.24,922.24,923.65
2017-08-02,928.61,932.6,916.68,930.39
2017-08-01,932.38,937.447,929.26,930.83
2017-07-31,941.89,943.59,926.04,930.5
2017-07-28,929.4,943.83,927.5,941.53
2017-07-27,951.78,951.78,920.0,934.09
2017-07-26,954.68,955.0,942.2788,947.8
2017-07-25,953.81,959.7,945.4,950.7
2017-07-24,972.22,986.2,970.77,980.34
2017-07-21,962.25,973.23,960.15,972.92
2017-07-20,975.0,975.9,961.51,968.15
2017-07-19,967.84,973.04,964.03,970.89
2017-07-18,953.0,968.04,950.6,965.4
2017-07-17,957.0,960.74,949.2407,953.42
2017-07-14,952.0,956.91,948.005,955.99
2017-07-13,946.29,954.45,943.01,947.16
2017-07-12,938.68,946.3,934.47,943.83
2017-07-11,929.54,931.43,922.0,930.09
2017-07-10,921.77,930.38,919.59,928.8
2017-07-07,908.85,921.54,908.85,918.59
2017-07-06,904.12,914.9444,899.7,906.69
2017-07-05,901.76,914.51,898.5,911.94
2017-07-03,912.18,913.94,894.79,898.7
2017-06-30,926.05,926.05,908.31,908.73
2017-06-29,929.92,931.26,910.62,917.79
2017-06-28,929.0,942.75,916.0,940.49
2017-06-27,942.46,948.29,926.85,927.33
2017-06-26,969.9,973.31,950.79,952.27
2017-06-23,956.83,966.0,954.2,965.59
2017-06-22,958.7,960.72,954.55,957.09
2017-06-21,953.64,960.1,950.76,959.45
2017-06-20,957.52,961.62,950.01,950.63
2017-06-19,949.96,959.99,949.05,957.37
2017-06-16,940.0,942.04,931.595,939.78
2017-06-15,933.97,943.3389999999999,924.44,942.31
2017-06-14,959.92,961.15,942.25,950.76
2017-06-13,951.91,959.98,944.09,953.4
2017-06-12,939.56,949.355,915.2328,942.9
2017-06-09,984.5,984.5,935.63,949.83
2017-06-08,982.35,984.57,977.2,983.41
2017-06-07,979.65,984.15,975.77,981.08
2017-06-06,983.16,988.25,975.14,976.57
2017-06-05,976.55,986.91,975.1,983.68
2017-06-02,969.46,975.88,966.0,975.6
2017-06-01,968.95,971.5,960.01,966.95
2017-05-31,975.02,979.27,960.18,964.86
2017-05-30,970.31,976.2,969.49,975.88
2017-05-26,969.7,974.98,965.03,971.47
2017-05-25,957.33,972.6289999999999,955.47,969.54
2017-05-24,952.98,955.09,949.5,954.96
2017-05-23,947.92,951.4666,942.575,948.82
2017-05-22,935.0,941.8828,935.0,941.86
2017-05-19,931.47,937.755,931.0,934.01
2017-05-18,921.0,933.17,918.75,930.24
2017-05-17,935.67,939.3325,918.14,919.62
2017-05-16,940.0,943.11,937.58,943.0
2017-05-15,932.95,938.25,929.34,937.08
2017-05-12,931.53,933.44,927.85,932.22
2017-05-11,925.32,932.53,923.0301,930.6
2017-05-10,931.98,932.0,925.16,928.78
2017-05-09,936.95,937.5,929.53,932.17
2017-05-08,926.12,936.925,925.26,934.3
2017-05-05,933.54,934.9,925.2,927.13
2017-05-04,926.07,935.93,924.59,931.66
2017-05-03,914.86,928.1,912.5426,927.04
2017-05-02,909.62,920.77,909.4526,916.44
2017-05-01,901.94,915.68,901.45,912.57
2017-04-28,910.66,916.85,905.77,905.96
2017-04-27,873.6,875.4,870.38,874.25
2017-04-26,874.23,876.05,867.7481,871.6239999999999
2017-04-25,865.0,875.0,862.81,872.3
2017-04-24,851.2,863.45,849.86,862.76
2017-04-21,842.88,843.88,840.6,843.19
2017-04-20,841.44,845.2,839.32,841.65
2017-04-19,839.79,842.22,836.29,838.21
2017-04-18,834.22,838.93,832.71,836.82
2017-04-17,825.01,837.75,824.47,837.17
2017-04-13,822.14,826.38,821.44,823.56
2017-04-12,821.93,826.66,821.02,824.32
2017-04-11,824.71,827.4267,817.0201,823.35
2017-04-10,825.39,829.35,823.77,824.73
2017-04-07,827.96,828.485,820.5127,824.67
2017-04-06,832.4,836.39,826.46,827.88
2017-04-05,835.51,842.45,830.72,831.41
2017-04-04,831.36,835.18,829.0363,834.57
2017-04-03,829.22,840.85,829.22,838.55
2017-03-31,828.97,831.64,827.39,829.56
2017-03-30,833.5,833.68,829.0,831.5
2017-03-29,825.0,832.765,822.3801,831.41
2017-03-28,820.41,825.99,814.0269999999999,820.92
2017-03-27,806.95,821.63,803.37,819.51
2017-03-24,820.08,821.93,808.89,814.43
2017-03-23,821.0,822.57,812.257,817.58
2017-03-22,831.91,835.55,827.1801,829.59
2017-03-21,851.4,853.5,829.02,830.46
2017-03-20,850.01,850.22,845.15,848.4
2017-03-17,851.61,853.4,847.11,852.12
2017-03-16,849.03,850.85,846.13,848.78
2017-03-15,847.59,848.63,840.77,847.2
2017-03-14,843.64,847.24,840.8,845.62
2017-03-13,844.0,848.685,843.25,845.54
2017-03-10,843.28,844.91,839.5,843.25
2017-03-09,836.0,842.0,834.21,838.68
2017-03-08,833.51,838.15,831.79,835.37
2017-03-07,827.4,833.41,826.52,831.91
2017-03-06,826.95,828.88,822.4,827.78
2017-03-03,830.56,831.36,825.7510000000001,829.08
2017-03-02,833.85,834.51,829.64,830.63
2017-03-01,828.85,836.255,827.26,835.24
2017-02-28,825.61,828.54,820.2,823.21
2017-02-27,824.55,830.5,824.0,829.28
2017-02-24,827.73,829.0,824.2,828.64
2017-02-23,830.12,832.46,822.88,831.33
2017-02-22,828.66,833.25,828.64,830.76
2017-02-21,828.66,833.45,828.35,831.66
2017-02-17,823.02,828.07,821.655,828.07
2017-02-16,819.93,824.4,818.98,824.16
2017-02-15,819.36,823.0,818.47,818.98
2017-02-14,819.0,823.0,816.0,820.45
2017-02-13,816.0,820.959,815.49,819.24
2017-02-10,811.7,815.25,809.78,813.67
2017-02-09,809.51,810.66,804.54,809.56
2017-02-08,807.0,811.84,803.1903,808.38
2017-02-07,803.99,810.5,801.78,806.97
2017-02-06,799.7,801.67,795.2501,801.34
2017-02-03,802.99,806.0,800.37,801.49
2017-02-02,793.8,802.7,792.0,798.53
2017-02-01,799.68,801.19,791.19,795.695
2017-01-31,796.86,801.25,790.52,796.79
2017-01-30,814.66,815.84,799.8,802.32
2017-01-27,834.71,841.95,820.44,823.31
2017-01-26,837.81,838.0,827.01,832.15
2017-01-25,829.62,835.77,825.06,835.67
2017-01-24,822.3,825.9,817.821,823.87
2017-01-23,807.25,820.87,803.74,819.31
2017-01-20,806.91,806.91,801.69,805.02
2017-01-19,805.12,809.48,801.8,802.175
2017-01-18,805.81,806.205,800.99,806.07
2017-01-17,807.08,807.14,800.37,804.61
2017-01-13,807.48,811.2244,806.69,807.88
2017-01-12,807.14,807.39,799.17,806.36
2017-01-11,805.0,808.15,801.37,807.91
2017-01-10,807.86,809.1299,803.51,804.79
2017-01-09,806.4,809.9664,802.83,806.65
2017-01-06,795.26,807.9,792.2041,806.15
2017-01-05,786.08,794.48,785.02,794.02
2017-01-04,788.36,791.34,783.16,786.9
2017-01-03,778.81,789.63,775.8,786.14
2016-12-30,782.75,782.78,770.41,771.82
2016-12-29,783.33,785.93,778.92,782.79
2016-12-28,793.7,794.23,783.2,785.05
2016-12-27,790.68,797.86,787.6569999999999,791.55
2016-12-23,790.9,792.74,787.28,789.91
2016-12-22,792.36,793.32,788.58,791.26
2016-12-21,795.84,796.6757,787.1,794.56
2016-12-20,796.76,798.65,793.27,796.42
2016-12-19,790.22,797.66,786.27,794.2
2016-12-16,800.4,800.8558,790.29,790.8
2016-12-15,797.34,803.0,792.92,797.85
2016-12-14,797.4,804.0,794.01,797.07
2016-12-13,793.9,804.3799,793.34,796.1
2016-12-12,785.04,791.25,784.3554,789.27
2016-12-09,780.0,789.43,779.0210000000001,789.29
2016-12-08,772.48,778.18,767.23,776.42
2016-12-07,761.0,771.36,755.8,771.19
2016-12-06,764.73,768.83,757.34,759.11
2016-12-05,757.71,763.9,752.9,762.52
2016-12-02,744.59,754.0,743.1,750.5
2016-12-01,757.44,759.85,737.0245,747.92
2016-11-30,770.07,772.99,754.83,758.04
2016-11-29,771.53,778.5,768.24,770.84
2016-11-28,760.0,779.53,759.8,768.24
2016-11-25,764.26,765.0,760.52,761.68
2016-11-23,767.73,768.2825,755.25,760.99
2016-11-22,772.63,776.96,767.0,768.27
2016-11-21,762.61,769.7,760.6,769.2
2016-11-18,771.37,775.0,760.0,760.54
2016-11-17,766.92,772.7,764.23,771.23
2016-11-16,755.2,766.36,750.51,764.48
2016-11-15,746.97,764.4162,746.97,758.49
2016-11-14,755.6,757.85,727.54,736.08
2016-11-11,756.54,760.78,750.38,754.02
2016-11-10,791.17,791.17,752.18,762.56
2016-11-09,779.94,791.2265,771.67,785.31
2016-11-08,783.4,795.633,780.19,790.51
2016-11-07,774.5,785.19,772.55,782.52
2016-11-04,750.66,770.36,750.5611,762.02
2016-11-03,767.25,769.95,759.03,762.13
2016-11-02,778.2,781.65,763.4496,768.7
2016-11-01,782.89,789.49,775.54,783.61
2016-10-31,795.47,796.86,784.0,784.54
2016-10-28,808.35,815.49,793.59,795.37
2016-10-27,801.0,803.49,791.5,795.35
2016-10-26,806.34,806.98,796.32,799.07
2016-10-25,816.68,816.68,805.14,807.67
2016-10-24,804.9,815.18,804.82,813.11
2016-10-21,795.0,799.5,794.0,799.37
2016-10-20,803.3,803.97,796.03,796.97
2016-10-19,798.86,804.63,797.635,801.56
2016-10-18,787.85,801.61,785.565,795.26
2016-10-17,779.8,785.85,777.5,779.96
2016-10-14,781.65,783.95,776.0,778.53
2016-10-13,781.22,781.22,773.0,778.19
2016-10-12,783.76,788.13,782.06,786.14
2016-10-11,786.66,792.28,780.58,783.07
2016-10-10,777.71,789.38,775.87,785.94
2016-10-07,779.66,779.66,770.75,775.08
2016-10-06,779.0,780.48,775.54,776.86
2016-10-05,779.31,782.07,775.65,776.47
2016-10-04,776.03,778.71,772.89,776.43
2016-10-03,774.25,776.065,769.5,772.56
2016-09-30,776.33,780.94,774.09,777.29
2016-09-29,781.44,785.8,774.232,775.01
2016-09-28,777.85,781.81,774.97,781.56
2016-09-27,775.5,785.9899,774.308,783.01
2016-09-26,782.74,782.74,773.07,774.21
2016-09-23,786.59,788.93,784.15,786.9
2016-09-22,780.0,789.85,778.44,787.21
2016-09-21,772.66,777.16,768.301,776.22
2016-09-20,769.0,773.33,768.53,771.41
2016-09-19,772.42,774.0,764.4406,765.7
2016-09-16,769.75,769.75,764.66,768.88
2016-09-15,762.89,773.8,759.96,771.76
2016-09-14,759.61,767.68,759.11,762.49
2016-09-13,764.48,766.2195,755.8,759.69
2016-09-12,755.13,770.29,754.0001,769.02
2016-09-09,770.1,773.245,759.66,759.66
2016-09-08,778.59,780.35,773.58,775.32
2016-09-07,780.0,782.73,776.2,780.35
2016-09-06,773.45,782.0,771.0,780.08
2016-09-02,773.01,773.9199,768.41,771.46
2016-09-01,769.25,771.02,764.3,768.78
2016-08-31,767.01,769.09,765.38,767.05
2016-08-30,769.33,774.466,766.84,769.09
2016-08-29,768.74,774.99,766.615,772.15
2016-08-26,769.0,776.0799,765.85,769.54
2016-08-25,767.0,771.89,763.1846,769.41
2016-08-24,770.58,774.5,767.07,769.64
2016-08-23,775.48,776.44,771.785,772.08
2016-08-22,773.27,774.54,770.0502,772.15
2016-08-19,775.0,777.1,773.13,775.42
2016-08-18,780.01,782.86,777.0,777.5
2016-08-17,777.32,780.81,773.53,779.91
2016-08-16,780.3,780.98,773.444,777.14
2016-08-15,783.75,787.49,780.11,782.44
2016-08-12,781.5,783.395,780.4,783.22
2016-08-11,785.0,789.75,782.97,784.85
2016-08-10,783.75,786.8123,782.778,784.68
2016-08-09,781.1,788.94,780.57,784.26
2016-08-08,782.0,782.63,778.091,781.76
2016-08-05,773.78,783.04,772.34,782.22
2016-08-04,772.22,774.07,768.795,771.61
2016-08-03,767.18,773.21,766.82,773.18
2016-08-02,768.69,775.84,767.85,771.07
2016-08-01,761.09,780.43,761.09,772.88
2016-07-29,772.71,778.55,766.77,768.79
2016-07-28,747.04,748.65,739.3,745.91
2016-07-27,738.28,744.46,737.0,741.77
2016-07-26,739.04,741.69,734.27,738.42
2016-07-25,740.67,742.61,737.5,739.77
2016-07-22,741.86,743.24,736.56,742.74
2016-07-21,740.36,741.69,735.831,738.63
2016-07-20,737.33,742.13,737.1,741.19
2016-07-19,729.89,736.99,729.0,736.96
2016-07-18,722.71,736.13,721.19,733.78
2016-07-15,725.73,725.74,719.055,719.85
2016-07-14,721.58,722.21,718.03,720.95
2016-07-13,723.62,724.0,716.85,716.98
2016-07-12,719.12,722.94,715.91,720.64
2016-07-11,708.05,716.51,707.24,715.09
2016-07-08,699.5,705.71,696.435,705.63
2016-07-07,698.08,698.2,688.215,695.36
2016-07-06,689.98,701.68,689.09,697.77
2016-07-05,696.06,696.94,688.88,694.49
2016-07-01,692.2,700.65,692.1301,699.21
2016-06-30,685.47,692.32,683.65,692.1
2016-06-29,683.0,687.4292,681.41,684.11
2016-06-28,678.97,680.33,673.0,680.04
2016-06-27,671.0,672.3,663.284,668.26
2016-06-24,675.17,689.4,673.45,675.22
2016-06-23,697.45,701.95,687.0,701.87
2016-06-22,699.06,700.86,693.0819,697.46
2016-06-21,698.4,702.77,692.01,695.94
2016-06-20,698.77,702.48,693.41,693.71
2016-06-17,708.65,708.82,688.4515,691.72
2016-06-16,714.91,716.65,703.26,710.36
2016-06-15,719.0,722.98,717.31,718.92
2016-06-14,716.48,722.47,713.12,718.27
2016-06-13,716.51,725.44,716.51,718.36
2016-06-10,719.47,725.89,716.43,719.41
2016-06-09,722.87,729.54,722.3361,728.58
2016-06-08,723.96,728.57,720.58,728.28
2016-06-07,719.84,721.98,716.55,716.65
2016-06-06,724.91,724.91,714.61,716.55
2016-06-03,729.27,729.49,720.56,722.34
2016-06-02,732.5,733.02,724.17,730.4
2016-06-01,734.53,737.21,730.66,734.15
2016-05-31,731.74,739.73,731.26,735.72
2016-05-27,724.01,733.936,724.0,732.66
2016-05-26,722.87,728.33,720.28,724.12
2016-05-25,720.76,727.51,719.7047,725.27
2016-05-24,706.86,720.97,706.86,720.09
2016-05-23,706.53,711.4781,704.18,704.24
2016-05-20,701.62,714.58,700.52,709.74
2016-05-19,702.36,706.0,696.8,700.32
2016-05-18,703.67,711.6,700.63,706.63
2016-05-17,715.99,721.52,704.11,706.23
2016-05-16,709.13,718.48,705.65,716.49
2016-05-13,711.93,716.6619,709.26,710.83
2016-05-12,717.06,719.25,709.0,713.31
2016-05-11,723.41,724.48,712.8,715.29
2016-05-10,716.75,723.5,715.72,723.18
2016-05-09,712.0,718.71,710.0,712.9
2016-05-06,698.38,711.86,698.1067,711.12
2016-05-05,697.7,702.3199,695.72,701.43
2016-05-04,690.49,699.75,689.01,695.7
2016-05-03,696.87,697.84,692.0,692.36
2016-05-02,697.63,700.64,691.0,698.21
2016-04-29,690.7,697.62,689.0,693.01
2016-04-28,708.26,714.17,689.55,691.02
2016-04-27,707.29,708.98,692.3651,705.84
2016-04-26,725.42,725.7660000000001,703.0264,708.14
2016-04-25,716.1,723.93,715.59,723.15
2016-04-22,726.3,736.12,713.61,718.77
2016-04-21,755.38,760.45,749.55,759.14
2016-04-20,758.0,758.1315,750.01,752.67
2016-04-19,769.51,769.9,749.33,753.93
2016-04-18,760.46,768.05,757.3,766.61
2016-04-15,753.98,761.0,752.6938,759.0
2016-04-14,754.01,757.31,752.705,753.2
2016-04-13,749.16,754.38,744.2610000000001,751.72
2016-04-12,738.0,743.83,731.01,743.09
2016-04-11,743.02,745.0,736.05,736.1
2016-04-08,743.97,745.45,735.55,739.15
2016-04-07,745.37,746.9999,736.28,740.28
2016-04-06,735.77,746.24,735.56,745.69
2016-04-05,738.0,742.8,735.37,737.8
2016-04-04,750.06,752.8,742.43,745.29
2016-04-01,738.6,750.34,737.0,749.91
2016-03-31,749.25,750.85,740.94,744.95
2016-03-30,750.1,757.88,748.74,750.53
2016-03-29,734.59,747.25,728.76,744.77
2016-03-28,736.79,738.99,732.5,733.53
2016-03-24,732.01,737.747,731.0,735.3
2016-03-23,742.36,745.7199,736.15,738.06
2016-03-22,737.46,745.0,737.46,740.75
2016-03-21,736.5,742.5,733.5157,742.09
2016-03-18,741.86,742.0,731.83,737.6
2016-03-17,736.45,743.07,736.0,737.78
2016-03-16,726.37,737.47,724.51,736.09
2016-03-15,726.92,732.29,724.77,728.33
2016-03-14,726.81,735.5,725.15,730.49
2016-03-11,720.0,726.92,717.125,726.82
2016-03-10,708.12,716.44,703.36,712.82
2016-03-09,698.47,705.68,694.0,705.24
2016-03-08,688.59,703.79,685.34,693.97
2016-03-07,706.9,708.0912,686.9,695.16
2016-03-04,714.99,716.49,706.02,710.89
2016-03-03,718.68,719.45,706.02,712.42
2016-03-02,719.0,720.0,712.0,718.85
2016-03-01,703.62,718.81,699.77,718.81
2016-02-29,700.32,710.89,697.68,697.77
2016-02-26,708.58,713.43,700.86,705.07
2016-02-25,700.01,705.98,690.585,705.75
2016-02-24,688.92,700.0,680.78,699.56
2016-02-23,701.45,708.4,693.58,695.85
2016-02-22,707.45,713.24,702.51,706.46
2016-02-19,695.03,703.0805,694.05,700.91
2016-02-18,710.0,712.35,696.03,697.35
2016-02-17,699.0,709.75,691.38,708.4
2016-02-16,692.98,698.0,685.05,691.0
2016-02-12,690.26,693.75,678.6,682.4
2016-02-11,675.0,689.35,668.8675,683.11
2016-02-10,686.86,701.31,682.13,684.12
2016-02-09,672.32,699.9,668.77,678.11
2016-02-08,667.85,684.03,663.06,682.74
2016-02-05,703.87,703.99,680.15,683.57
2016-02-04,722.81,727.0,701.86,708.01
2016-02-03,770.22,774.5,720.5,726.95
2016-02-02,784.5,789.8699,764.65,764.65
2016-02-01,750.46,757.86,743.27,752.0
2016-01-29,731.53,744.9899,726.8,742.95
2016-01-28,722.22,733.69,712.35,730.96
2016-01-27,713.67,718.235,694.39,699.99
2016-01-26,713.85,718.28,706.48,713.04
2016-01-25,723.58,729.68,710.01,711.67
2016-01-22,723.6,728.13,720.1210000000001,725.25
2016-01-21,702.18,719.19,694.46,706.59
2016-01-20,688.61,706.85,673.26,698.45
2016-01-19,703.3,709.98,693.4101,701.79
2016-01-15,692.29,706.74,685.37,694.45
2016-01-14,705.38,721.925,689.1,714.72
2016-01-13,730.85,734.74,698.61,700.56
2016-01-12,721.68,728.75,717.3165,726.07
2016-01-11,716.61,718.855,703.54,716.03
2016-01-08,731.45,733.23,713.0,714.47
2016-01-07,730.31,738.5,719.06,726.39
2016-01-06,730.0,747.18,728.92,743.62
2016-01-05,746.45,752.0,738.64,742.58
2016-01-04,743.0,744.06,731.2577,741.84
2015-12-31,769.5,769.5,758.34,758.88
2015-12-30,776.6,777.6,766.9,771.0
2015-12-29,766.69,779.98,766.43,776.6
2015-12-28,752.92,762.99,749.52,762.51
2015-12-24,749.55,751.35,746.62,748.4
2015-12-23,753.47,754.21,744.0,750.31
2015-12-22,751.65,754.85,745.53,750.0
2015-12-21,746.13,750.0,740.0,747.77
2015-12-18,746.51,754.13,738.15,739.31
2015-12-17,762.42,762.68,749.0,749.43
2015-12-16,750.0,760.59,739.435,758.09
2015-12-15,753.0,758.08,743.01,743.4
2015-12-14,741.79,748.73,724.17,747.77
2015-12-11,741.16,745.71,736.75,738.87
2015-12-10,752.85,755.85,743.83,749.46
2015-12-09,759.17,764.23,737.0010000000001,751.61
2015-12-08,757.89,764.8,754.2,762.37
2015-12-07,767.77,768.73,755.09,763.25
2015-12-04,753.1,768.49,750.0,766.81
2015-12-03,766.01,768.995,745.63,752.54
2015-12-02,768.9,775.955,758.96,762.38
2015-12-01,747.11,768.95,746.7,767.04
2015-11-30,748.81,754.93,741.27,742.6
2015-11-27,748.46,753.41,747.49,750.26
2015-11-25,748.14,752.0,746.06,748.15
2015-11-24,752.0,755.279,737.63,748.28
2015-11-23,757.45,762.7075,751.82,755.98
2015-11-20,746.53,757.92,743.0,756.6
2015-11-19,738.74,742.0,737.43,738.41
2015-11-18,727.58,741.41,727.0,740.0
2015-11-17,729.29,731.845,723.0269999999999,725.3
2015-11-16,715.6,729.49,711.33,728.96
2015-11-13,729.17,731.15,716.73,717.0
2015-11-12,731.0,737.8,728.645,731.23
2015-11-11,732.46,741.0,730.23,735.4
2015-11-10,724.4,730.59,718.5001,728.32
2015-11-09,730.2,734.71,719.43,724.89
2015-11-06,731.5,735.41,727.01,733.76
2015-11-05,729.47,739.48,729.47,731.25
2015-11-04,722.0,733.1,721.9,728.11
2015-11-03,718.86,724.65,714.72,722.16
2015-11-02,711.06,721.62,705.85,721.11
2015-10-30,715.73,718.0,710.05,710.81
2015-10-29,710.5,718.26,710.01,716.92
2015-10-28,707.33,712.98,703.08,712.95
2015-10-27,707.38,713.62,704.55,708.49
2015-10-26,701.55,719.15,701.26,712.78
2015-10-23,727.5,730.0,701.5,702.0
2015-10-22,646.7,657.8,644.01,651.79
2015-10-21,654.15,655.87,641.73,642.61
2015-10-20,664.04,664.7197,644.195,650.28
2015-10-19,661.18,666.82,659.58,666.1
2015-10-16,664.11,664.97,657.2,662.2
2015-10-15,654.66,663.13,654.46,661.74
2015-10-14,653.21,659.39,648.85,651.16
2015-10-13,643.15,657.8125,643.15,652.3
2015-10-12,642.09,648.5,639.01,646.67
2015-10-09,640.0,645.99,635.318,643.61
2015-10-08,641.36,644.45,625.56,639.16
2015-10-07,649.24,650.609,632.15,642.36
2015-10-06,638.84,649.25,636.5295,645.44
2015-10-05,632.0,643.01,627.0,641.47
2015-10-02,607.2,627.34,603.13,626.91
2015-10-01,608.37,612.09,599.85,611.29
2015-09-30,603.28,608.76,600.73,608.42
2015-09-29,597.28,605.0,590.22,594.97
2015-09-28,610.34,614.605,589.38,594.89
2015-09-25,629.77,629.77,611.0,611.97
2015-09-24,616.64,627.32,612.4,625.8
2015-09-23,622.05,628.93,620.0,622.36
2015-09-22,627.0,627.55,615.43,622.69
2015-09-21,634.4,636.49,625.94,635.44
2015-09-18,636.79,640.0,627.02,629.25
2015-09-17,637.79,650.9,635.02,642.9
2015-09-16,635.47,637.95,632.32,635.98
2015-09-15,626.7,638.7,623.78,635.14
2015-09-14,625.7,625.86,619.43,623.24
2015-09-11,619.75,625.78,617.42,625.77
2015-09-10,613.1,624.16,611.43,621.35
2015-09-09,621.22,626.52,609.6,612.72
2015-09-08,612.49,616.31,604.12,614.66
2015-09-04,600.0,603.47,595.25,600.7
2015-09-03,617.0,619.71,602.8213,606.25
2015-09-02,605.68,614.34,599.71,614.34
2015-09-01,602.36,612.86,594.1,597.79
2015-08-31,627.54,635.8,617.68,618.25
2015-08-28,632.82,636.88,624.56,630.38
2015-08-27,639.4,643.59,622.0,637.61
2015-08-26,610.35,631.71,599.05,628.62
2015-08-25,614.91,617.45,581.11,582.06
2015-08-24,573.0,614.0,565.05,589.61
2015-08-21,639.78,640.05,612.33,612.48
2015-08-20,655.46,662.99,642.9,646.83
2015-08-19,656.6,667.0,654.19,660.9
2015-08-18,661.9,664.0,653.46,656.13
2015-08-17,656.8,661.38,651.24,660.87
2015-08-14,655.01,659.855,652.66,657.12
2015-08-13,659.3225,664.5,651.661,656.45
2015-08-12,663.08,665.0,652.29,659.56
2015-08-11,669.2,674.9,654.27,660.78
2015-08-10,639.48,643.44,631.249,633.73
2015-08-07,640.23,642.68,629.71,635.3
2015-08-06,645.0,645.379,632.25,642.68
2015-08-05,634.33,647.86,633.16,643.78
2015-08-04,628.42,634.81,627.16,629.25
2015-08-03,625.34,633.0556,625.34,631.21
2015-07-31,631.38,632.91,625.5,625.61
2015-07-30,630.0,635.22,622.05,632.59
2015-07-29,628.8,633.36,622.65,631.93
2015-07-28,632.83,632.83,623.31,628.0
2015-07-27,621.0,634.3,620.5,627.26
2015-07-24,647.0,648.17,622.52,623.56
2015-07-23,661.27,663.63,641.0,644.28
2015-07-22,660.89,678.64,659.0,662.1
2015-07-21,655.21,673.0,654.3,662.3
2015-07-20,659.24,668.88,653.01,663.02
2015-07-17,649.0,674.4680000000001,645.0,672.93
2015-07-16,565.12,580.68,565.0,579.85
2015-07-15,560.13,566.5029,556.79,560.22
2015-07-14,546.76,565.8487,546.71,561.1
2015-07-13,532.88,547.11,532.4001,546.55
2015-07-10,526.29,532.56,525.55,530.13
2015-07-09,523.12,523.77,520.35,520.68
2015-07-08,521.05,522.734,516.11,516.83
2015-07-07,523.13,526.18,515.18,525.02
2015-07-06,519.5,525.25,519.0,522.86
2015-07-02,521.08,524.65,521.08,523.4
2015-07-01,524.73,525.69,518.2305,521.84
2015-06-30,526.02,526.25,520.5,520.51
2015-06-29,525.01,528.61,520.54,521.52
2015-06-26,537.26,537.76,531.35,531.69
2015-06-25,538.87,540.9,535.23,535.23
2015-06-24,540.0,540.0,535.66,537.84
2015-06-23,539.64,541.499,535.25,540.48
2015-06-22,539.59,543.74,537.53,538.19
2015-06-19,537.21,538.25,533.01,536.69
2015-06-18,531.0,538.15,530.79,536.73
2015-06-17,529.37,530.98,525.1,529.26
2015-06-16,528.4,529.6399,525.56,528.15
2015-06-15,528.0,528.3,524.0,527.2
2015-06-12,531.6,533.12,530.16,532.33
2015-06-11,538.425,538.98,533.02,534.61
2015-06-10,529.36,538.36,529.35,536.69
2015-06-09,527.56,529.2,523.01,526.69
2015-06-08,533.31,534.12,526.24,526.83
2015-06-05,536.35,537.2,532.52,533.33
2015-06-04,537.76,540.59,534.32,536.7
2015-06-03,539.91,543.5,537.11,540.31
2015-06-02,532.93,543.0,531.33,539.18
2015-06-01,536.79,536.79,529.76,533.99
2015-05-29,537.37,538.63,531.45,532.11
2015-05-28,538.01,540.61,536.25,539.78
2015-05-27,532.8,540.55,531.71,539.79
2015-05-26,538.12,539.0,529.88,532.32
2015-05-22,540.15,544.19,539.51,540.11
2015-05-21,537.95,543.8399,535.98,542.51
2015-05-20,538.49,542.92,532.972,539.27
2015-05-19,533.98,540.66,533.04,537.36
2015-05-18,532.01,534.82,528.85,532.3
2015-05-15,539.18,539.2743,530.38,533.85
2015-05-14,533.77,539.0,532.41,538.4
2015-05-13,530.56,534.3215,528.655,529.62
2015-05-12,531.6,533.2089,525.26,529.04
2015-05-11,538.37,541.98,535.4,535.7
2015-05-08,536.65,541.15,536.0,538.22
2015-05-07,523.99,533.46,521.75,530.7
2015-05-06,531.24,532.38,521.085,524.22
2015-05-05,538.21,539.74,530.3906,530.8
2015-05-04,538.53,544.07,535.06,540.78
2015-05-01,538.43,539.54,532.1,537.9
2015-04-30,547.87,548.59,535.05,537.34
2015-04-29,550.47,553.68,546.905,549.08
2015-04-28,554.64,556.02,550.366,553.68
2015-04-27,563.39,565.95,553.2001,555.37
2015-04-24,566.1,571.14,557.25,565.06
2015-04-23,541.0,550.96,540.23,547.0
2015-04-22,534.4,541.08,531.75,539.365
2015-04-21,537.51,539.39,533.675,533.97
2015-04-20,525.6,536.09,524.5,535.38
2015-04-17,528.66,529.84,521.01,524.05
2015-04-16,529.9,535.59,529.61,533.8
2015-04-15,528.7,534.73,523.22,532.53
2015-04-14,536.25,537.5699,528.0925,530.39
2015-04-13,538.41,544.06,537.31,539.17
2015-04-10,542.29,542.29,537.31,540.01
2015-04-09,541.03,541.95,535.49,540.78
2015-04-08,538.38,543.85,538.38,541.61
2015-04-07,538.08,542.69,536.0,537.02
2015-04-06,532.22,538.41,529.57,536.765
2015-04-02,540.85,540.85,533.8467,535.53
2015-04-01,548.6,551.14,539.5,542.56
2015-03-31,550.0,554.71,546.72,548.0
2015-03-30,551.62,553.47,548.17,552.03
2015-03-27,553.0,555.28,548.13,548.34
2015-03-26,557.59,558.9,550.65,555.17
2015-03-25,570.5,572.26,558.74,558.785
2015-03-24,562.56,574.59,561.21,570.19
2015-03-23,560.43,562.36,555.83,558.81
2015-03-20,561.65,561.72,559.05,560.36
2015-03-19,559.39,560.8,556.145,557.99
2015-03-18,552.5,559.78,547.0001,559.5
2015-03-17,551.71,553.8,548.0,550.84
2015-03-16,550.95,556.85,546.0,554.51
2015-03-13,553.5,558.4,544.22,547.32
2015-03-12,553.51,556.37,550.46,555.51
2015-03-11,555.14,558.14,550.68,551.18
2015-03-10,564.25,564.85,554.73,555.01
2015-03-09,566.86,570.27,563.535,568.85
2015-03-06,574.88,576.6799,566.76,567.685
2015-03-05,575.02,577.91,573.41,575.33
2015-03-04,571.87,577.11,568.01,573.37
2015-03-03,570.45,575.39,566.52,573.64
2015-03-02,560.53,572.15,558.75,571.34
2015-02-27,554.24,564.71,552.9,558.4
2015-02-26,543.21,556.14,541.5,555.48
2015-02-25,535.9,546.22,535.445,543.87
2015-02-24,530.0,536.79,528.25,536.09
2015-02-23,536.05,536.439,529.41,531.91
2015-02-20,543.13,543.75,535.8,538.95
2015-02-19,538.04,543.11,538.01,542.87
2015-02-18,541.4,545.49,537.51,539.7
2015-02-17,546.83,550.0,541.09,542.84
2015-02-13,543.35,549.91,543.13,549.01
2015-02-12,537.25,544.82,534.673,542.93
2015-02-11,535.3,538.45,533.3775,535.97
2015-02-10,529.3,537.7,526.92,536.94
2015-02-09,528.0,532.0,526.02,527.83
2015-02-06,527.64,537.2,526.41,531.0
2015-02-05,523.79,528.5,522.09,527.58
2015-02-04,529.24,532.6715,521.27,522.76
2015-02-03,528.0,533.4,523.26,529.24
2015-02-02,531.73,533.0,518.55,528.48
2015-01-30,515.86,539.87,515.52,534.52
2015-01-29,511.0,511.09,501.2,510.66
2015-01-28,522.78,522.99,510.0,510.0
2015-01-27,529.97,530.7,518.19,518.63
2015-01-26,538.53,539.0,529.67,535.21
2015-01-23,535.59,542.17,533.0,539.95
2015-01-22,521.48,536.33,519.7,534.39
2015-01-21,507.25,519.28,506.2,518.04
2015-01-20,511.0,512.5,506.01599999999996,506.9
2015-01-16,500.01,508.19,500.0,508.08
2015-01-15,505.57,505.68,497.76,501.79
2015-01-14,494.65,503.23,493.0,500.87
2015-01-13,498.84,502.98,492.39,496.18
2015-01-12,494.94,495.976,487.56,492.55
2015-01-09,504.76,504.92,494.79,496.17
2015-01-08,497.99,503.48,491.0,502.68
2015-01-07,507.0,507.244,499.65,501.1
2015-01-06,515.0,516.175,501.05,501.96
2015-01-05,523.26,524.33,513.06,513.87
2015-01-02,529.01,531.27,524.1,524.81
2014-12-31,531.25,532.6,525.8,526.4
2014-12-30,528.09,531.15,527.13,530.42
2014-12-29,532.19,535.48,530.011,530.33
2014-12-26,528.77,534.25,527.31,534.03
2014-12-24,530.51,531.759,527.02,528.77
2014-12-23,527.0,534.56,526.29,530.59
2014-12-22,516.08,526.46,516.08,524.87
2014-12-19,511.51,517.72,506.9106,516.35
2014-12-18,512.95,513.87,504.7,511.1
2014-12-17,497.0,507.0,496.81,504.89
2014-12-16,511.56,513.05,489.0,495.39
2014-12-15,522.74,523.1,513.27,513.8
2014-12-12,523.51,528.5,518.66,518.66
2014-12-11,527.8,533.92,527.1,528.34
2014-12-10,533.08,536.33,525.56,526.06
2014-12-09,522.14,534.19,520.5,533.37
2014-12-08,527.13,531.0,523.79,526.98
2014-12-05,531.0,532.89,524.28,525.26
2014-12-04,531.16,537.34,528.59,537.31
2014-12-03,531.44,535.996,529.26,531.32
2014-12-02,533.51,535.5,529.8,533.75
2014-12-01,538.9,541.41,531.86,533.8
2014-11-28,540.62,542.0,536.6,541.83
2014-11-26,540.88,541.55,537.0419999999999,540.37
2014-11-25,539.0,543.98,538.602,541.08
2014-11-24,537.65,542.7,535.62,539.27
2014-11-21,541.61,542.14,536.56,537.5
2014-11-20,531.25,535.11,531.08,534.83
2014-11-19,535.0,538.24,530.08,536.99
2014-11-18,537.5,541.94,534.17,535.03
2014-11-17,543.58,543.79,534.061,536.51
2014-11-14,546.68,546.68,542.15,544.4
2014-11-13,549.8,549.8,543.48,545.38
2014-11-12,550.39,550.46,545.17,547.31
2014-11-11,548.49,551.9399,546.3,550.29
2014-11-10,541.46,549.59,541.02,547.49
2014-11-07,546.21,546.21,538.67,541.01
2014-11-06,545.5,546.885,540.97,542.04
2014-11-05,556.8,556.8,544.05,545.92
2014-11-04,553.0,555.5,549.3,554.11
2014-11-03,555.5,557.9,553.23,555.22
2014-10-31,559.35,559.57,554.75,559.08
2014-10-30,548.95,552.8,543.51,550.31
2014-10-29,550.0,554.19,546.98,549.33
2014-10-28,543.0,548.98,541.62,548.9
2014-10-27,537.03,544.41,537.03,540.77
2014-10-24,544.36,544.88,535.79,539.78
2014-10-23,539.32,547.22,535.85,543.98
2014-10-22,529.89,539.8,528.8,532.71
2014-10-21,525.19,526.79,519.11,526.54
2014-10-20,509.45,521.76,508.1,520.84
2014-10-17,527.25,530.98,508.53,511.17
2014-10-16,519.0,529.43,515.0,524.51
2014-10-15,531.01,532.8,518.3,530.03
2014-10-14,538.9,547.19,533.1695,537.94
2014-10-13,544.99,549.5,533.1,533.21
2014-10-10,557.72,565.1299,544.05,544.49
2014-10-09,571.18,571.49,559.06,560.88
2014-10-08,565.57,573.88,557.49,572.5
2014-10-07,574.4,575.27,563.74,563.74
2014-10-06,578.8,581.0,574.44,577.35
2014-10-03,573.05,577.225,572.5,575.28
2014-10-02,567.31,571.91,563.32,570.08
2014-10-01,576.01,577.5799,567.01,568.27
2014-09-30,576.93,579.85,572.85,577.36
2014-09-29,571.75,578.19,571.17,576.36
2014-09-26,576.06,579.25,574.66,577.1
2014-09-25,587.55,587.98,574.18,575.06
2014-09-24,581.46,589.63,580.52,587.99
2014-09-23,586.85,586.85,581.0,581.13
2014-09-22,593.82,593.9490000000001,583.46,587.37
2014-09-19,591.5,596.48,589.5,596.08
2014-09-18,587.0,589.54,585.0,589.27
2014-09-17,580.01,587.5199,578.775,584.77
2014-09-16,572.76,581.5,572.66,579.95
2014-09-15,572.94,574.95,568.21,573.1
2014-09-12,581.0,581.64,574.46,575.62
2014-09-11,580.36,581.81,576.26,581.35
2014-09-10,581.5,583.5,576.94,583.1
2014-09-09,588.9,589.0,580.0,581.01
2014-09-08,586.6,591.77,586.3,589.72
2014-09-05,583.98,586.55,581.95,586.08
2014-09-04,580.0,586.0,579.22,581.98
2014-09-03,580.0,582.99,575.0,577.94
2014-09-02,571.85,577.83,571.19,577.33
2014-08-29,571.33,572.04,567.0692,571.6
2014-08-28,569.56,573.25,567.1,569.2
2014-08-27,577.27,578.49,570.1030000000001,571.0
2014-08-26,581.26,581.8,576.58,577.86
2014-08-25,584.72,585.0,579.0,580.2
2014-08-22,583.59,585.236,580.64,582.56
2014-08-21,583.82,584.5,581.14,583.37
2014-08-20,585.88,586.7,582.57,584.49
2014-08-19,585.0,587.34,584.0,586.86
2014-08-18,576.11,584.51,576.0,582.16
2014-08-15,577.86,579.38,570.52,573.48
2014-08-14,576.18,577.9,570.88,574.65
2014-08-13,567.31,575.0,565.75,574.78
2014-08-12,564.52,565.9,560.88,562.73
2014-08-11,569.99,570.49,566.0,567.88
2014-08-08,563.56,570.25,560.35,568.77
2014-08-07,568.0,569.89,561.1,563.36
2014-08-06,561.78,570.7,560.0,566.374
2014-08-05,570.05,571.98,562.61,565.07
2014-08-04,569.04,575.35,564.1,573.15
2014-08-01,570.4,575.9599,562.85,566.07
2014-07-31,580.6,583.6499,570.0,571.6
2014-07-30,586.55,589.5,584.0,587.42
2014-07-29,588.75,589.7,583.515,585.61
2014-07-28,588.07,592.5,584.7533,590.6
2014-07-25,590.4,591.86,587.03,589.02
2014-07-24,596.45,599.5,591.77,593.35
2014-07-23,593.23,597.85,592.5,595.98
2014-07-22,590.72,599.65,590.6,594.74
2014-07-21,591.75,594.4,585.2326,589.47
2014-07-18,593.0,596.8,582.0,595.08
2014-07-17,579.53,580.99,568.61,573.7299
2014-07-16,588.0,588.4,582.2,582.66
2014-07-15,585.74,585.8045,576.56,584.78
2014-07-14,582.6,585.21,578.03,584.87
2014-07-11,571.91,580.85,571.42,579.18
2014-07-10,565.91,576.59,565.01,571.1
2014-07-09,571.58,576.72,569.376,576.08
2014-07-08,577.66,579.5284,566.135,571.09
2014-07-07,583.76,586.4299,579.59,582.25
2014-07-03,583.35,585.01,580.92,584.73
2014-07-02,583.35,585.4399,580.39,582.335
2014-07-01,578.32,584.4,576.65,582.67
2014-06-30,578.66,579.57,574.75,575.28
2014-06-27,577.18,579.87,573.8,577.24
2014-06-26,581.0,582.45,571.85,576.0
2014-06-25,565.26,579.96,565.22,578.65
2014-06-24,565.19,572.646,561.01,564.62
2014-06-23,555.15,565.0,554.25,564.95
2014-06-20,556.85,557.58,550.3915,556.36
2014-06-19,554.24,555.0,548.51,554.9
2014-06-18,544.86,553.56,544.0,553.37
2014-06-17,544.2,545.32,539.33,543.01
2014-06-16,549.26,549.62,541.52,544.28
2014-06-13,552.26,552.3,545.56,551.76
2014-06-12,557.3,557.99,548.46,551.35
2014-06-11,558.0,559.88,555.0201,558.84
2014-06-10,560.51,563.6,557.9,560.55
2014-06-09,557.15,562.9,556.04,562.12
2014-06-06,558.06,558.06,548.93,556.33
2014-06-05,546.4,554.95,544.45,553.9
2014-06-04,541.5,548.61,538.75,544.66
2014-06-03,550.99,552.34,542.55,544.94
2014-06-02,560.7,560.9,545.73,553.93
2014-05-30,560.8,561.35,555.91,559.89
2014-05-29,563.35,564.0,558.71,560.08
2014-05-28,564.57,567.84,561.0,561.68
2014-05-27,556.0,566.0,554.35,565.95
2014-05-23,547.26,553.64,543.7,552.7
2014-05-22,541.13,547.5999,540.78,545.06
2014-05-21,532.9,539.1828,531.91,538.94
2014-05-20,529.74,536.23,526.3,529.77
2014-05-19,519.7,529.78,517.5830000000001,528.86
2014-05-16,521.39,521.8,515.44,520.63
2014-05-15,525.7,525.87,517.42,519.98
2014-05-14,533.0,533.0,525.29,526.65
2014-05-13,530.89,536.07,529.51,533.09
2014-05-12,523.51,530.19,519.01,529.92
2014-05-09,510.75,519.9,504.2,518.73
2014-05-08,508.46,517.23,506.45,511.0
2014-05-07,515.79,516.68,503.3,509.96
2014-05-06,525.23,526.81,515.06,515.14
2014-05-05,524.82,528.9,521.32,527.81
2014-05-02,533.76,533.9999,525.61,527.93
2014-05-01,527.11,532.93,523.88,531.35
2014-04-30,527.6,528.0,522.52,526.66
2014-04-29,516.9,529.46,516.32,527.7
2014-04-28,517.18,518.6,502.8,517.15
2014-04-25,522.51,524.7,515.42,516.18
2014-04-24,530.07,531.65,522.12,525.16
2014-04-23,533.79,533.87,526.25,526.94
2014-04-22,528.64,537.23,527.51,534.81
2014-04-21,536.1,536.7,525.6,528.62
2014-04-17,548.81,549.5,531.15,536.1
2014-04-16,543.0,557.0,540.0,556.54
2014-04-15,536.82,538.45,518.4601,536.44
2014-04-14,538.25,544.1,529.561,532.52
2014-04-11,532.55,540.0,526.53,530.6
2014-04-10,565.0,565.0,539.9,540.95
2014-04-09,559.62,565.37,552.95,564.14
2014-04-08,542.6,555.0,541.61,554.9
2014-04-07,540.74,548.48,527.15,538.15
2014-04-04,574.65,577.77,543.0,543.14
2014-04-03,569.85,587.28,564.13,569.74
2014-04-02,565.106,604.83,562.19,567.0
2014-04-01,558.71,568.45,558.71,567.16
2014-03-31,566.89,567.0,556.93,556.97
2014-03-28,561.2,566.43,558.67,559.99
2014-03-27,568.0,568.0,552.92,558.46
